word,gpt5mini_draw_s,gpt5mini_guess_s,gpt5mini_total_s,gpt5mini_guess_requests,gpt5mini_source,gpt54mini_draw_s,gpt54mini_guess_s,gpt54mini_total_s,gpt54mini_guess_requests,gpt54mini_source
shark,22.107,11.998,34.105,1,latest_trace,33.93,3.072,37.002,1,latest_trace
car,21.51,7.718,29.228,1,latest_trace,4.837,3.611,8.448,1,latest_trace
mars,19.733,9.798,29.531,1,latest_trace,12.817,3.972,16.789,1,latest_trace
ocean,45.894,10.798,56.692,1,latest_trace,7.507,5.42,12.927,1,latest_trace
forest,37.112,6.395,43.507,1,latest_trace,5.707,4.351,10.058,1,latest_trace
whisper,16.581,7.475,24.056,1,latest_trace,16.504,3.844,20.348,1,latest_trace
nervous,22.186,10.813,32.999,1,latest_trace,7.253,4.577,11.83,1,latest_trace
thunder,15.529,7.196,22.725,1,latest_trace,4.315,24.117,28.432,1,latest_trace
rocket,43.677,13.493,57.17,1,latest_trace,5.177,15.14,20.317,2,latest_trace
harvest,22.198,9.895,32.093,1,latest_trace,20.313,10.852,31.165,1,latest_trace
wander,24.333,6.424,30.757,1,latest_trace,13.415,4.274,17.689,1,latest_trace
bitter,36.064,7.066,43.13,1,latest_trace,28.482,8.441,36.923,1,latest_trace
youtube,30.874,5.895,36.769,1,latest_trace,4.838,6.512,11.35,1,latest_trace
minecraft,92.15,7.545,99.695,1,latest_trace,6.044,3.115,9.159,1,latest_trace
money,25.582,10.275,35.857,1,latest_trace,11.484,3.016,14.5,1,latest_trace
tokyo,27.866,8.124,35.99,1,latest_trace,9.082,4.695,13.777,1,latest_trace
vivid,23.899,10.024,33.923,1,latest_trace,16.049,4.65,20.699,1,latest_trace
build,104.094,7.401,111.495,1,latest_trace,6.41,3.572,9.982,1,latest_trace
time,21.021,7.244,28.265,1,latest_trace,4.554,4.389,8.943,1,latest_trace
chaotic,49.622,9.23,58.852,1,latest_trace,6.251,8.956,15.207,1,latest_trace
gorilla,39.955,10.637,50.592,1,latest_trace,13.643,5.274,18.917,1,latest_trace
leopard,34.162,9.791,43.953,1,latest_trace,10.317,7.09,17.407,1,latest_trace
sloth,33.239,10.004,43.243,1,latest_trace,19.299,7.456,26.755,1,latest_trace
sequoia,,,339.445,,game_summary_fallback,14.365,8.932,23.297,1,latest_trace
saturn,312.977,10.322,323.299,1,latest_trace,3.803,3.905,7.708,1,latest_trace
kiwi,40.544,11.07,51.614,1,latest_trace,15.267,3.239,18.506,1,latest_trace
pitaya,27.582,11.569,39.151,1,latest_trace,5.242,5.268,10.51,1,latest_trace
papaya,20.412,7.77,28.182,1,latest_trace,4.886,2.341,7.227,1,latest_trace
Pantheon,39.529,8.174,47.703,1,latest_trace,5.72,4.315,10.035,1,latest_trace
bus,22.775,9.442,32.217,1,latest_trace,4.694,3.681,8.375,1,latest_trace
guitar,19.295,13.68,32.975,1,latest_trace,6.125,5.016,11.141,1,latest_trace
glass,20.281,6.2,26.481,1,latest_trace,5.914,3.667,9.581,1,latest_trace
toothbrush,21.894,10.644,32.538,1,latest_trace,6.101,18.474,24.575,1,latest_trace
coffee,38.825,7.582,46.407,1,latest_trace,6.101,6.092,12.193,1,latest_trace
gym,20.638,7.726,28.364,1,latest_trace,8.937,4.245,13.182,1,latest_trace
labyrinth,17.284,7.784,25.068,1,latest_trace,16.221,8.085,24.306,1,latest_trace
queen,20.003,8.886,28.889,1,latest_trace,7.172,7.34,14.512,1,latest_trace
freedom,,,70.824,,game_summary_fallback,6.643,3.94,10.583,1,latest_trace
bravery,20.549,6.437,26.986,1,latest_trace,29.477,3.372,32.849,1,latest_trace
rainbow,17.757,8.937,26.694,1,latest_trace,23.521,5.892,29.413,1,latest_trace
drive,44.866,7.48,52.346,1,latest_trace,6.687,4.856,11.543,1,latest_trace
study,15.287,7.938,23.225,1,latest_trace,9.082,4.899,13.981,1,latest_trace
science,18.601,8.979,27.58,1,latest_trace,9.947,3.188,13.135,1,latest_trace
engineering,39.891,11.69,51.581,1,latest_trace,18.059,4.09,22.149,1,latest_trace
programming,30.314,6.685,36.999,1,latest_trace,7.468,6.22,13.688,1,latest_trace
developer,46.931,8.22,55.151,1,latest_trace,26.691,4.411,31.102,1,latest_trace
fighter,39.835,8.952,48.787,1,latest_trace,11.256,3.962,15.218,1,latest_trace
sing,22.552,7.72,30.272,1,latest_trace,8.859,3.342,12.201,1,latest_trace
eat,23.608,7.063,30.671,1,latest_trace,6.807,15.923,22.73,1,latest_trace
think,52.844,12.22,65.064,1,latest_trace,11.126,3.558,14.684,1,latest_trace
reflection,24.696,6.505,31.201,1,latest_trace,4.465,3.344,7.809,1,latest_trace
read,35.751,5.88,41.631,1,latest_trace,5.194,3.728,8.922,1,latest_trace
run,24.404,14.465,38.869,1,latest_trace,10.923,4.126,15.049,1,latest_trace
inspire,19.093,8.621,27.714,1,latest_trace,7.081,4.625,11.706,1,latest_trace
tennis,104.811,8.255,113.066,1,latest_trace,5.147,3.137,8.284,1,latest_trace
golf,17.812,7.226,25.038,1,latest_trace,4.197,3.932,8.129,1,latest_trace
soccer,53.448,13.299,66.747,1,latest_trace,22.519,10.856,33.375,1,latest_trace
screwdriver,38.316,9.952,48.268,1,latest_trace,3.718,3.894,7.612,1,latest_trace
wardrobe,20.987,9.231,30.218,1,latest_trace,6.156,5.184,11.34,1,latest_trace
piano,19.984,9.669,29.653,1,latest_trace,6.185,8.678,14.863,1,latest_trace
beautiful,41.082,7.041,48.123,1,latest_trace,10.33,7.247,17.577,1,latest_trace
fall,16.164,10.355,26.519,1,latest_trace,9.371,4.855,14.226,1,latest_trace
investment,20.259,8.676,28.935,1,latest_trace,6.981,7.412,14.393,1,latest_trace
software,61.798,12.538,74.336,1,latest_trace,7.903,2.718,10.621,1,latest_trace
tower,21.079,6.839,27.918,1,latest_trace,5.392,4.147,9.539,1,latest_trace
brazil,33.061,6.317,39.378,1,latest_trace,7.139,2.868,10.007,1,latest_trace
wind,18.342,7.571,25.913,1,latest_trace,6.426,4.482,10.908,1,latest_trace
jellyfish,27.642,18.277,45.919,1,latest_trace,5.883,3.779,9.662,1,latest_trace
parrot,21.61,6.641,28.251,1,latest_trace,8.064,4.009,12.073,1,latest_trace
amsterdam,27.812,7.812,35.624,1,latest_trace,6.286,7.849,14.135,1,latest_trace
gold,20.386,7.209,27.595,1,latest_trace,5.926,4.395,10.321,1,latest_trace
fire,23.345,11.129,34.474,1,latest_trace,3.289,3.15,6.439,1,latest_trace
igloo,18.622,17.577,36.199,1,latest_trace,6.086,7.803,13.889,1,latest_trace
luigi,15.873,8.867,24.74,1,latest_trace,19.871,3.931,23.802,1,latest_trace
pikachu,17.468,11.453,28.921,1,latest_trace,5.427,4.18,9.607,1,latest_trace
sonic,25.232,10.276,35.508,1,latest_trace,7.147,4.575,11.722,1,latest_trace
maman,,,60.291,,game_summary_fallback,6.29,3.178,9.468,1,latest_trace
dragonfly,32.619,10.605,43.224,1,latest_trace,5.968,4.417,10.385,1,latest_trace
funny,16.904,8.443,25.347,1,latest_trace,7.861,5.718,13.579,1,latest_trace
mitochondria,14.298,13.779,28.077,1,latest_trace,4.337,10.989,15.326,1,latest_trace
atom,22.136,8.236,30.372,1,latest_trace,3.325,2.851,6.176,1,latest_trace
algae,28.247,10.706,38.953,1,latest_trace,5.809,3.129,8.938,1,latest_trace
galaxy,38.517,8.063,46.58,1,latest_trace,6.707,2.302,9.009,1,latest_trace
vampire,18.64,9.897,28.537,1,latest_trace,8.352,7.419,15.771,2,latest_trace
werewolf,74.417,9.303,83.72,1,latest_trace,36.961,4.172,41.133,1,latest_trace
generator,17.465,7.785,25.25,1,latest_trace,4.397,3.848,8.245,1,latest_trace
bulldozer,30.775,13.256,44.031,1,latest_trace,5.082,3.659,8.741,1,latest_trace
forklift,42.024,10.187,52.211,1,latest_trace,5.764,2.566,8.33,1,latest_trace
tractor,29.446,9.382,38.828,1,latest_trace,5.596,3.206,8.802,1,latest_trace
checkmate,24.591,7.743,32.334,1,latest_trace,32.532,1.739,34.271,1,latest_trace
salvation,27.122,7.279,34.401,1,latest_trace,45.57,4.398,49.968,1,latest_trace
renaissance,50.289,10.198,60.487,1,latest_trace,7.988,3.995,11.983,1,latest_trace
enlightenment,30.367,11.438,41.805,1,latest_trace,8.91,5.786,14.696,1,latest_trace
hologram,55.834,9.534,65.368,1,latest_trace,29.982,3.124,33.106,1,latest_trace
paradox,21.004,9.264,30.268,1,latest_trace,68.431,6.928,75.359,1,latest_trace
supernova,46.263,5.305,51.568,1,latest_trace,9.391,4.109,13.5,1,latest_trace
blackhole,19.841,13.627,33.468,1,latest_trace,5.892,7.746,13.638,1,latest_trace
surrealism,29.007,5.788,34.795,1,latest_trace,15.968,9.084,25.052,1,latest_trace
feudalism,95.534,12.994,108.528,1,latest_trace,16.244,3.095,19.339,1,latest_trace
democracy,28.247,9.296,37.543,1,latest_trace,7.783,3.377,11.16,1,latest_trace
